paths,labels
data\images\fabia_color\call\20250321162618.jpg,4
data\images\fabia_color\call\20250321162618_aug_0.jpg,4
data\images\fabia_color\call\20250321162618_aug_1.jpg,4
data\images\fabia_color\call\20250321162618_aug_2.jpg,4
data\images\fabia_color\call\20250321162623.jpg,4
data\images\fabia_color\call\20250321162623_aug_0.jpg,4
data\images\fabia_color\call\20250321162623_aug_1.jpg,4
data\images\fabia_color\call\20250321162623_aug_2.jpg,4
data\images\fabia_color\call\20250321162627.jpg,4
data\images\fabia_color\call\20250321162627_aug_0.jpg,4
data\images\fabia_color\call\20250321162627_aug_1.jpg,4
data\images\fabia_color\call\20250321162627_aug_2.jpg,4
data\images\fabia_color\call\20250321162629.jpg,4
data\images\fabia_color\call\20250321162629_aug_0.jpg,4
data\images\fabia_color\call\20250321162629_aug_1.jpg,4
data\images\fabia_color\call\20250321162629_aug_2.jpg,4
data\images\fabia_color\call\20250321163338.jpg,4
data\images\fabia_color\call\20250321163338_aug_0.jpg,4
data\images\fabia_color\call\20250321163338_aug_1.jpg,4
data\images\fabia_color\call\20250321163338_aug_2.jpg,4
data\images\fabia_color\call\20250321163341.jpg,4
data\images\fabia_color\call\20250321163341_aug_0.jpg,4
data\images\fabia_color\call\20250321163341_aug_1.jpg,4
data\images\fabia_color\call\20250321163341_aug_2.jpg,4
data\images\fabia_color\call\20250321164905.jpg,4
data\images\fabia_color\call\20250321164905_aug_0.jpg,4
data\images\fabia_color\call\20250321164905_aug_1.jpg,4
data\images\fabia_color\call\20250321164905_aug_2.jpg,4
data\images\fabia_color\call\20250321164908.jpg,4
data\images\fabia_color\call\20250321164908_aug_0.jpg,4
data\images\fabia_color\call\20250321164908_aug_1.jpg,4
data\images\fabia_color\call\20250321164908_aug_2.jpg,4
data\images\fabia_color\call\20250321164910.jpg,4
data\images\fabia_color\call\20250321164910_aug_0.jpg,4
data\images\fabia_color\call\20250321164910_aug_1.jpg,4
data\images\fabia_color\call\20250321164910_aug_2.jpg,4
data\images\fabia_color\call\20250321164912.jpg,4
data\images\fabia_color\call\20250321164912_aug_0.jpg,4
data\images\fabia_color\call\20250321164912_aug_1.jpg,4
data\images\fabia_color\call\20250321164912_aug_2.jpg,4
data\images\fabia_color\call\20250321164913.jpg,4
data\images\fabia_color\call\20250321164913_aug_0.jpg,4
data\images\fabia_color\call\20250321164913_aug_1.jpg,4
data\images\fabia_color\call\20250321164913_aug_2.jpg,4
data\images\fabia_color\fist\20250321164450.jpg,4
data\images\fabia_color\fist\20250321164450_aug_0.jpg,4
data\images\fabia_color\fist\20250321164450_aug_1.jpg,4
data\images\fabia_color\fist\20250321164450_aug_2.jpg,4
data\images\fabia_color\fist\20250321164452.jpg,4
data\images\fabia_color\fist\20250321164452_aug_0.jpg,4
data\images\fabia_color\fist\20250321164452_aug_1.jpg,4
data\images\fabia_color\fist\20250321164452_aug_2.jpg,4
data\images\fabia_color\fist\20250321164454.jpg,4
data\images\fabia_color\fist\20250321164454_aug_0.jpg,4
data\images\fabia_color\fist\20250321164454_aug_1.jpg,4
data\images\fabia_color\fist\20250321164454_aug_2.jpg,4
data\images\fabia_color\fist\20250321164456.jpg,4
data\images\fabia_color\fist\20250321164456_aug_0.jpg,4
data\images\fabia_color\fist\20250321164456_aug_1.jpg,4
data\images\fabia_color\fist\20250321164456_aug_2.jpg,4
data\images\fabia_color\fist\20250321164459.jpg,4
data\images\fabia_color\fist\20250321164459_aug_0.jpg,4
data\images\fabia_color\fist\20250321164459_aug_1.jpg,4
data\images\fabia_color\fist\20250321164459_aug_2.jpg,4
data\images\fabia_color\fist\20250321164501.jpg,4
data\images\fabia_color\fist\20250321164501_aug_0.jpg,4
data\images\fabia_color\fist\20250321164501_aug_1.jpg,4
data\images\fabia_color\fist\20250321164501_aug_2.jpg,4
data\images\fabia_color\fist\20250321164502.jpg,4
data\images\fabia_color\fist\20250321164502_aug_0.jpg,4
data\images\fabia_color\fist\20250321164502_aug_1.jpg,4
data\images\fabia_color\fist\20250321164502_aug_2.jpg,4
data\images\fabia_color\fist\20250321164505.jpg,4
data\images\fabia_color\fist\20250321164505_aug_0.jpg,4
data\images\fabia_color\fist\20250321164505_aug_1.jpg,4
data\images\fabia_color\fist\20250321164505_aug_2.jpg,4
data\images\fabia_color\fist\20250321164506.jpg,4
data\images\fabia_color\fist\20250321164506_aug_0.jpg,4
data\images\fabia_color\fist\20250321164506_aug_1.jpg,4
data\images\fabia_color\fist\20250321164506_aug_2.jpg,4
data\images\fabia_color\fist\20250321164507.jpg,4
data\images\fabia_color\fist\20250321164507_aug_0.jpg,4
data\images\fabia_color\fist\20250321164507_aug_1.jpg,4
data\images\fabia_color\fist\20250321164507_aug_2.jpg,4
data\images\fabia_color\fist\20250321164519.jpg,4
data\images\fabia_color\fist\20250321164519_aug_0.jpg,4
data\images\fabia_color\fist\20250321164519_aug_1.jpg,4
data\images\fabia_color\fist\20250321164519_aug_2.jpg,4
data\images\fabia_color\fist\20250321164521.jpg,4
data\images\fabia_color\fist\20250321164521_aug_0.jpg,4
data\images\fabia_color\fist\20250321164521_aug_1.jpg,4
data\images\fabia_color\fist\20250321164521_aug_2.jpg,4
data\images\fabia_color\four\20250321163822.jpg,4
data\images\fabia_color\four\20250321163822_aug_0.jpg,4
data\images\fabia_color\four\20250321163822_aug_1.jpg,4
data\images\fabia_color\four\20250321163822_aug_2.jpg,4
data\images\fabia_color\four\20250321163825.jpg,4
data\images\fabia_color\four\20250321163825_aug_0.jpg,4
data\images\fabia_color\four\20250321163825_aug_1.jpg,4
data\images\fabia_color\four\20250321163825_aug_2.jpg,4
data\images\fabia_color\four\20250321163827.jpg,4
data\images\fabia_color\four\20250321163827_aug_0.jpg,4
data\images\fabia_color\four\20250321163827_aug_1.jpg,4
data\images\fabia_color\four\20250321163827_aug_2.jpg,4
data\images\fabia_color\four\20250321163829.jpg,4
data\images\fabia_color\four\20250321163829_aug_0.jpg,4
data\images\fabia_color\four\20250321163829_aug_1.jpg,4
data\images\fabia_color\four\20250321163829_aug_2.jpg,4
data\images\fabia_color\four\20250321163830.jpg,4
data\images\fabia_color\four\20250321163830_aug_0.jpg,4
data\images\fabia_color\four\20250321163830_aug_1.jpg,4
data\images\fabia_color\four\20250321163830_aug_2.jpg,4
data\images\fabia_color\four\20250321163833.jpg,4
data\images\fabia_color\four\20250321163833_aug_0.jpg,4
data\images\fabia_color\four\20250321163833_aug_1.jpg,4
data\images\fabia_color\four\20250321163833_aug_2.jpg,4
data\images\fabia_color\four\20250321163835.jpg,4
data\images\fabia_color\four\20250321163835_aug_0.jpg,4
data\images\fabia_color\four\20250321163835_aug_1.jpg,4
data\images\fabia_color\four\20250321163835_aug_2.jpg,4
data\images\fabia_color\like\20250321163342.jpg,1
data\images\fabia_color\like\20250321163342_aug_0.jpg,1
data\images\fabia_color\like\20250321163342_aug_1.jpg,1
data\images\fabia_color\like\20250321163342_aug_2.jpg,1
data\images\fabia_color\like\20250321163344.jpg,1
data\images\fabia_color\like\20250321163344_aug_0.jpg,1
data\images\fabia_color\like\20250321163344_aug_1.jpg,1
data\images\fabia_color\like\20250321163344_aug_2.jpg,1
data\images\fabia_color\like\20250321163346.jpg,1
data\images\fabia_color\like\20250321163346_aug_0.jpg,1
data\images\fabia_color\like\20250321163346_aug_1.jpg,1
data\images\fabia_color\like\20250321163346_aug_2.jpg,1
data\images\fabia_color\like\20250321163349.jpg,1
data\images\fabia_color\like\20250321163349_aug_0.jpg,1
data\images\fabia_color\like\20250321163349_aug_1.jpg,1
data\images\fabia_color\like\20250321163349_aug_2.jpg,1
data\images\fabia_color\like\20250321163351.jpg,1
data\images\fabia_color\like\20250321163351_aug_0.jpg,1
data\images\fabia_color\like\20250321163351_aug_1.jpg,1
data\images\fabia_color\like\20250321163351_aug_2.jpg,1
data\images\fabia_color\like\20250321163352.jpg,1
data\images\fabia_color\like\20250321163352_aug_0.jpg,1
data\images\fabia_color\like\20250321163352_aug_1.jpg,1
data\images\fabia_color\like\20250321163352_aug_2.jpg,1
data\images\fabia_color\like\20250321163353.jpg,1
data\images\fabia_color\like\20250321163353_aug_0.jpg,1
data\images\fabia_color\like\20250321163353_aug_1.jpg,1
data\images\fabia_color\like\20250321163353_aug_2.jpg,1
data\images\fabia_color\like\20250321163355.jpg,1
data\images\fabia_color\like\20250321163355_aug_0.jpg,1
data\images\fabia_color\like\20250321163355_aug_1.jpg,1
data\images\fabia_color\like\20250321163355_aug_2.jpg,1
data\images\fabia_color\like\20250321163402.jpg,1
data\images\fabia_color\like\20250321163402_aug_0.jpg,1
data\images\fabia_color\like\20250321163402_aug_1.jpg,1
data\images\fabia_color\like\20250321163402_aug_2.jpg,1
data\images\fabia_color\like\20250321163411.jpg,1
data\images\fabia_color\like\20250321163411_aug_0.jpg,1
data\images\fabia_color\like\20250321163411_aug_1.jpg,1
data\images\fabia_color\like\20250321163411_aug_2.jpg,1
data\images\fabia_color\like\20250321163413.jpg,1
data\images\fabia_color\like\20250321163413_aug_0.jpg,1
data\images\fabia_color\like\20250321163413_aug_1.jpg,1
data\images\fabia_color\like\20250321163413_aug_2.jpg,1
data\images\fabia_color\like\20250321164150.jpg,1
data\images\fabia_color\like\20250321164150_aug_0.jpg,1
data\images\fabia_color\like\20250321164150_aug_1.jpg,1
data\images\fabia_color\like\20250321164150_aug_2.jpg,1
data\images\fabia_color\like\20250321164201.jpg,1
data\images\fabia_color\like\20250321164201_aug_0.jpg,1
data\images\fabia_color\like\20250321164201_aug_1.jpg,1
data\images\fabia_color\like\20250321164201_aug_2.jpg,1
data\images\fabia_color\like\20250321164203.jpg,1
data\images\fabia_color\like\20250321164203_aug_0.jpg,1
data\images\fabia_color\like\20250321164203_aug_1.jpg,1
data\images\fabia_color\like\20250321164203_aug_2.jpg,1
data\images\fabia_color\like\20250321164727.jpg,1
data\images\fabia_color\like\20250321164727_aug_0.jpg,1
data\images\fabia_color\like\20250321164727_aug_1.jpg,1
data\images\fabia_color\like\20250321164727_aug_2.jpg,1
data\images\fabia_color\like\20250321164729.jpg,1
data\images\fabia_color\like\20250321164729_aug_0.jpg,1
data\images\fabia_color\like\20250321164729_aug_1.jpg,1
data\images\fabia_color\like\20250321164729_aug_2.jpg,1
data\images\fabia_color\like\20250321164731.jpg,1
data\images\fabia_color\like\20250321164731_aug_0.jpg,1
data\images\fabia_color\like\20250321164731_aug_1.jpg,1
data\images\fabia_color\like\20250321164731_aug_2.jpg,1
data\images\fabia_color\like\20250321164733.jpg,1
data\images\fabia_color\like\20250321164733_aug_0.jpg,1
data\images\fabia_color\like\20250321164733_aug_1.jpg,1
data\images\fabia_color\like\20250321164733_aug_2.jpg,1
data\images\fabia_color\like\20250321164737.jpg,1
data\images\fabia_color\like\20250321164737_aug_0.jpg,1
data\images\fabia_color\like\20250321164737_aug_1.jpg,1
data\images\fabia_color\like\20250321164737_aug_2.jpg,1
data\images\fabia_color\like\20250321164739.jpg,1
data\images\fabia_color\like\20250321164739_aug_0.jpg,1
data\images\fabia_color\like\20250321164739_aug_1.jpg,1
data\images\fabia_color\like\20250321164739_aug_2.jpg,1
data\images\fabia_color\like\20250321164742.jpg,1
data\images\fabia_color\like\20250321164742_aug_0.jpg,1
data\images\fabia_color\like\20250321164742_aug_1.jpg,1
data\images\fabia_color\like\20250321164742_aug_2.jpg,1
data\images\fabia_color\like\20250321164745.jpg,1
data\images\fabia_color\like\20250321164745_aug_0.jpg,1
data\images\fabia_color\like\20250321164745_aug_1.jpg,1
data\images\fabia_color\like\20250321164745_aug_2.jpg,1
data\images\fabia_color\like\20250321165629.jpg,1
data\images\fabia_color\like\20250321165629_aug_0.jpg,1
data\images\fabia_color\like\20250321165629_aug_1.jpg,1
data\images\fabia_color\like\20250321165629_aug_2.jpg,1
data\images\fabia_color\like\20250321165631.jpg,1
data\images\fabia_color\like\20250321165631_aug_0.jpg,1
data\images\fabia_color\like\20250321165631_aug_1.jpg,1
data\images\fabia_color\like\20250321165631_aug_2.jpg,1
data\images\fabia_color\like\20250321165903.jpg,1
data\images\fabia_color\like\20250321165903_aug_0.jpg,1
data\images\fabia_color\like\20250321165903_aug_1.jpg,1
data\images\fabia_color\like\20250321165903_aug_2.jpg,1
data\images\fabia_color\like\20250321170037.jpg,1
data\images\fabia_color\like\20250321170037_aug_0.jpg,1
data\images\fabia_color\like\20250321170037_aug_1.jpg,1
data\images\fabia_color\like\20250321170037_aug_2.jpg,1
data\images\fabia_color\like\20250321170038.jpg,1
data\images\fabia_color\like\20250321170038_aug_0.jpg,1
data\images\fabia_color\like\20250321170038_aug_1.jpg,1
data\images\fabia_color\like\20250321170038_aug_2.jpg,1
data\images\fabia_color\like\20250321170039.jpg,1
data\images\fabia_color\like\20250321170039_aug_0.jpg,1
data\images\fabia_color\like\20250321170039_aug_1.jpg,1
data\images\fabia_color\like\20250321170039_aug_2.jpg,1
data\images\fabia_color\middle_finger\20250321165135.jpg,4
data\images\fabia_color\middle_finger\20250321165135_aug_0.jpg,4
data\images\fabia_color\middle_finger\20250321165135_aug_1.jpg,4
data\images\fabia_color\middle_finger\20250321165135_aug_2.jpg,4
data\images\fabia_color\middle_finger\20250321165138.jpg,4
data\images\fabia_color\middle_finger\20250321165138_aug_0.jpg,4
data\images\fabia_color\middle_finger\20250321165138_aug_1.jpg,4
data\images\fabia_color\middle_finger\20250321165138_aug_2.jpg,4
data\images\fabia_color\middle_finger\20250321165140.jpg,4
data\images\fabia_color\middle_finger\20250321165140_aug_0.jpg,4
data\images\fabia_color\middle_finger\20250321165140_aug_1.jpg,4
data\images\fabia_color\middle_finger\20250321165140_aug_2.jpg,4
data\images\fabia_color\middle_finger\20250321165142.jpg,4
data\images\fabia_color\middle_finger\20250321165142_aug_0.jpg,4
data\images\fabia_color\middle_finger\20250321165142_aug_1.jpg,4
data\images\fabia_color\middle_finger\20250321165142_aug_2.jpg,4
data\images\fabia_color\middle_finger\20250321165144.jpg,4
data\images\fabia_color\middle_finger\20250321165144_aug_0.jpg,4
data\images\fabia_color\middle_finger\20250321165144_aug_1.jpg,4
data\images\fabia_color\middle_finger\20250321165144_aug_2.jpg,4
data\images\fabia_color\middle_finger\20250321165146.jpg,4
data\images\fabia_color\middle_finger\20250321165146_aug_0.jpg,4
data\images\fabia_color\middle_finger\20250321165146_aug_1.jpg,4
data\images\fabia_color\middle_finger\20250321165146_aug_2.jpg,4
data\images\fabia_color\middle_finger\20250321165148.jpg,4
data\images\fabia_color\middle_finger\20250321165148_aug_0.jpg,4
data\images\fabia_color\middle_finger\20250321165148_aug_1.jpg,4
data\images\fabia_color\middle_finger\20250321165148_aug_2.jpg,4
data\images\fabia_color\middle_finger\20250321165153.jpg,4
data\images\fabia_color\middle_finger\20250321165153_aug_0.jpg,4
data\images\fabia_color\middle_finger\20250321165153_aug_1.jpg,4
data\images\fabia_color\middle_finger\20250321165153_aug_2.jpg,4
data\images\fabia_color\no_gesture\20250321155540.jpg,4
data\images\fabia_color\no_gesture\20250321155540_aug_0.jpg,4
data\images\fabia_color\no_gesture\20250321155540_aug_1.jpg,4
data\images\fabia_color\no_gesture\20250321155540_aug_2.jpg,4
data\images\fabia_color\no_gesture\20250321162941.jpg,4
data\images\fabia_color\no_gesture\20250321162941_aug_0.jpg,4
data\images\fabia_color\no_gesture\20250321162941_aug_1.jpg,4
data\images\fabia_color\no_gesture\20250321162941_aug_2.jpg,4
data\images\fabia_color\no_gesture\20250321162942.jpg,4
data\images\fabia_color\no_gesture\20250321162942_aug_0.jpg,4
data\images\fabia_color\no_gesture\20250321162942_aug_1.jpg,4
data\images\fabia_color\no_gesture\20250321162942_aug_2.jpg,4
data\images\fabia_color\no_gesture\20250321162944.jpg,4
data\images\fabia_color\no_gesture\20250321162944_aug_0.jpg,4
data\images\fabia_color\no_gesture\20250321162944_aug_1.jpg,4
data\images\fabia_color\no_gesture\20250321162944_aug_2.jpg,4
data\images\fabia_color\no_gesture\20250321163529.jpg,4
data\images\fabia_color\no_gesture\20250321163529_aug_0.jpg,4
data\images\fabia_color\no_gesture\20250321163529_aug_1.jpg,4
data\images\fabia_color\no_gesture\20250321163529_aug_2.jpg,4
data\images\fabia_color\no_gesture\20250321163532.jpg,4
data\images\fabia_color\no_gesture\20250321163532_aug_0.jpg,4
data\images\fabia_color\no_gesture\20250321163532_aug_1.jpg,4
data\images\fabia_color\no_gesture\20250321163532_aug_2.jpg,4
data\images\fabia_color\no_gesture\20250321163535.jpg,4
data\images\fabia_color\no_gesture\20250321163535_aug_0.jpg,4
data\images\fabia_color\no_gesture\20250321163535_aug_1.jpg,4
data\images\fabia_color\no_gesture\20250321163535_aug_2.jpg,4
data\images\fabia_color\no_gesture\20250321163537.jpg,4
data\images\fabia_color\no_gesture\20250321163537_aug_0.jpg,4
data\images\fabia_color\no_gesture\20250321163537_aug_1.jpg,4
data\images\fabia_color\no_gesture\20250321163537_aug_2.jpg,4
data\images\fabia_color\no_gesture\20250321163539.jpg,4
data\images\fabia_color\no_gesture\20250321163539_aug_0.jpg,4
data\images\fabia_color\no_gesture\20250321163539_aug_1.jpg,4
data\images\fabia_color\no_gesture\20250321163539_aug_2.jpg,4
data\images\fabia_color\no_gesture\20250321163547.jpg,4
data\images\fabia_color\no_gesture\20250321163547_aug_0.jpg,4
data\images\fabia_color\no_gesture\20250321163547_aug_1.jpg,4
data\images\fabia_color\no_gesture\20250321163547_aug_2.jpg,4
data\images\fabia_color\no_gesture\20250321163550.jpg,4
data\images\fabia_color\no_gesture\20250321163550_aug_0.jpg,4
data\images\fabia_color\no_gesture\20250321163550_aug_1.jpg,4
data\images\fabia_color\no_gesture\20250321163550_aug_2.jpg,4
data\images\fabia_color\no_gesture\20250321163556.jpg,4
data\images\fabia_color\no_gesture\20250321163556_aug_0.jpg,4
data\images\fabia_color\no_gesture\20250321163556_aug_1.jpg,4
data\images\fabia_color\no_gesture\20250321163556_aug_2.jpg,4
data\images\fabia_color\no_gesture\20250321163602.jpg,4
data\images\fabia_color\no_gesture\20250321163602_aug_0.jpg,4
data\images\fabia_color\no_gesture\20250321163602_aug_1.jpg,4
data\images\fabia_color\no_gesture\20250321163602_aug_2.jpg,4
data\images\fabia_color\no_gesture\20250321163647.jpg,4
data\images\fabia_color\no_gesture\20250321163647_aug_0.jpg,4
data\images\fabia_color\no_gesture\20250321163647_aug_1.jpg,4
data\images\fabia_color\no_gesture\20250321163647_aug_2.jpg,4
data\images\fabia_color\no_gesture\20250321163649.jpg,4
data\images\fabia_color\no_gesture\20250321163649_aug_0.jpg,4
data\images\fabia_color\no_gesture\20250321163649_aug_1.jpg,4
data\images\fabia_color\no_gesture\20250321163649_aug_2.jpg,4
data\images\fabia_color\no_gesture\20250321163650.jpg,4
data\images\fabia_color\no_gesture\20250321163650_aug_0.jpg,4
data\images\fabia_color\no_gesture\20250321163650_aug_1.jpg,4
data\images\fabia_color\no_gesture\20250321163650_aug_2.jpg,4
data\images\fabia_color\no_gesture\20250321163653.jpg,4
data\images\fabia_color\no_gesture\20250321163653_aug_0.jpg,4
data\images\fabia_color\no_gesture\20250321163653_aug_1.jpg,4
data\images\fabia_color\no_gesture\20250321163653_aug_2.jpg,4
data\images\fabia_color\no_gesture\20250321163655.jpg,4
data\images\fabia_color\no_gesture\20250321163655_aug_0.jpg,4
data\images\fabia_color\no_gesture\20250321163655_aug_1.jpg,4
data\images\fabia_color\no_gesture\20250321163655_aug_2.jpg,4
data\images\fabia_color\no_gesture\20250321163656.jpg,4
data\images\fabia_color\no_gesture\20250321163656_aug_0.jpg,4
data\images\fabia_color\no_gesture\20250321163656_aug_1.jpg,4
data\images\fabia_color\no_gesture\20250321163656_aug_2.jpg,4
data\images\fabia_color\no_gesture\20250321163659.jpg,4
data\images\fabia_color\no_gesture\20250321163659_aug_0.jpg,4
data\images\fabia_color\no_gesture\20250321163659_aug_1.jpg,4
data\images\fabia_color\no_gesture\20250321163659_aug_2.jpg,4
data\images\fabia_color\no_gesture\20250321163915.jpg,4
data\images\fabia_color\no_gesture\20250321163915_aug_0.jpg,4
data\images\fabia_color\no_gesture\20250321163915_aug_1.jpg,4
data\images\fabia_color\no_gesture\20250321163915_aug_2.jpg,4
data\images\fabia_color\no_gesture\20250321163928.jpg,4
data\images\fabia_color\no_gesture\20250321163928_aug_0.jpg,4
data\images\fabia_color\no_gesture\20250321163928_aug_1.jpg,4
data\images\fabia_color\no_gesture\20250321163928_aug_2.jpg,4
data\images\fabia_color\no_gesture\20250321163930.jpg,4
data\images\fabia_color\no_gesture\20250321163930_aug_0.jpg,4
data\images\fabia_color\no_gesture\20250321163930_aug_1.jpg,4
data\images\fabia_color\no_gesture\20250321163930_aug_2.jpg,4
data\images\fabia_color\no_gesture\20250321163932.jpg,4
data\images\fabia_color\no_gesture\20250321163932_aug_0.jpg,4
data\images\fabia_color\no_gesture\20250321163932_aug_1.jpg,4
data\images\fabia_color\no_gesture\20250321163932_aug_2.jpg,4
data\images\fabia_color\no_gesture\20250321163933.jpg,4
data\images\fabia_color\no_gesture\20250321163933_aug_0.jpg,4
data\images\fabia_color\no_gesture\20250321163933_aug_1.jpg,4
data\images\fabia_color\no_gesture\20250321163933_aug_2.jpg,4
data\images\fabia_color\no_gesture\20250321163935.jpg,4
data\images\fabia_color\no_gesture\20250321163935_aug_0.jpg,4
data\images\fabia_color\no_gesture\20250321163935_aug_1.jpg,4
data\images\fabia_color\no_gesture\20250321163935_aug_2.jpg,4
data\images\fabia_color\no_gesture\20250321163937.jpg,4
data\images\fabia_color\no_gesture\20250321163937_aug_0.jpg,4
data\images\fabia_color\no_gesture\20250321163937_aug_1.jpg,4
data\images\fabia_color\no_gesture\20250321163937_aug_2.jpg,4
data\images\fabia_color\no_gesture\20250321163943.jpg,4
data\images\fabia_color\no_gesture\20250321163943_aug_0.jpg,4
data\images\fabia_color\no_gesture\20250321163943_aug_1.jpg,4
data\images\fabia_color\no_gesture\20250321163943_aug_2.jpg,4
data\images\fabia_color\no_gesture\20250321163947.jpg,4
data\images\fabia_color\no_gesture\20250321163947_aug_0.jpg,4
data\images\fabia_color\no_gesture\20250321163947_aug_1.jpg,4
data\images\fabia_color\no_gesture\20250321163947_aug_2.jpg,4
data\images\fabia_color\no_gesture\20250321163954.jpg,4
data\images\fabia_color\no_gesture\20250321163954_aug_0.jpg,4
data\images\fabia_color\no_gesture\20250321163954_aug_1.jpg,4
data\images\fabia_color\no_gesture\20250321163954_aug_2.jpg,4
data\images\fabia_color\no_gesture\20250321163957.jpg,4
data\images\fabia_color\no_gesture\20250321163957_aug_0.jpg,4
data\images\fabia_color\no_gesture\20250321163957_aug_1.jpg,4
data\images\fabia_color\no_gesture\20250321163957_aug_2.jpg,4
data\images\fabia_color\no_gesture\20250321163959.jpg,4
data\images\fabia_color\no_gesture\20250321163959_aug_0.jpg,4
data\images\fabia_color\no_gesture\20250321163959_aug_1.jpg,4
data\images\fabia_color\no_gesture\20250321163959_aug_2.jpg,4
data\images\fabia_color\no_gesture\20250321164004.jpg,4
data\images\fabia_color\no_gesture\20250321164004_aug_0.jpg,4
data\images\fabia_color\no_gesture\20250321164004_aug_1.jpg,4
data\images\fabia_color\no_gesture\20250321164004_aug_2.jpg,4
data\images\fabia_color\no_gesture\20250321164014.jpg,4
data\images\fabia_color\no_gesture\20250321164014_aug_0.jpg,4
data\images\fabia_color\no_gesture\20250321164014_aug_1.jpg,4
data\images\fabia_color\no_gesture\20250321164014_aug_2.jpg,4
data\images\fabia_color\no_gesture\20250321164217.jpg,4
data\images\fabia_color\no_gesture\20250321164217_aug_0.jpg,4
data\images\fabia_color\no_gesture\20250321164217_aug_1.jpg,4
data\images\fabia_color\no_gesture\20250321164217_aug_2.jpg,4
data\images\fabia_color\no_gesture\20250321164229.jpg,4
data\images\fabia_color\no_gesture\20250321164229_aug_0.jpg,4
data\images\fabia_color\no_gesture\20250321164229_aug_1.jpg,4
data\images\fabia_color\no_gesture\20250321164229_aug_2.jpg,4
data\images\fabia_color\no_gesture\20250321164241.jpg,4
data\images\fabia_color\no_gesture\20250321164241_aug_0.jpg,4
data\images\fabia_color\no_gesture\20250321164241_aug_1.jpg,4
data\images\fabia_color\no_gesture\20250321164241_aug_2.jpg,4
data\images\fabia_color\no_gesture\20250321164258.jpg,4
data\images\fabia_color\no_gesture\20250321164258_aug_0.jpg,4
data\images\fabia_color\no_gesture\20250321164258_aug_1.jpg,4
data\images\fabia_color\no_gesture\20250321164258_aug_2.jpg,4
data\images\fabia_color\no_gesture\20250321164321.jpg,4
data\images\fabia_color\no_gesture\20250321164321_aug_0.jpg,4
data\images\fabia_color\no_gesture\20250321164321_aug_1.jpg,4
data\images\fabia_color\no_gesture\20250321164321_aug_2.jpg,4
data\images\fabia_color\no_gesture\20250321164330.jpg,4
data\images\fabia_color\no_gesture\20250321164330_aug_0.jpg,4
data\images\fabia_color\no_gesture\20250321164330_aug_1.jpg,4
data\images\fabia_color\no_gesture\20250321164330_aug_2.jpg,4
data\images\fabia_color\no_gesture\20250321164333.jpg,4
data\images\fabia_color\no_gesture\20250321164333_aug_0.jpg,4
data\images\fabia_color\no_gesture\20250321164333_aug_1.jpg,4
data\images\fabia_color\no_gesture\20250321164333_aug_2.jpg,4
data\images\fabia_color\no_gesture\20250321164336.jpg,4
data\images\fabia_color\no_gesture\20250321164336_aug_0.jpg,4
data\images\fabia_color\no_gesture\20250321164336_aug_1.jpg,4
data\images\fabia_color\no_gesture\20250321164336_aug_2.jpg,4
data\images\fabia_color\no_gesture\20250321164339.jpg,4
data\images\fabia_color\no_gesture\20250321164339_aug_0.jpg,4
data\images\fabia_color\no_gesture\20250321164339_aug_1.jpg,4
data\images\fabia_color\no_gesture\20250321164339_aug_2.jpg,4
data\images\fabia_color\no_gesture\20250321164341.jpg,4
data\images\fabia_color\no_gesture\20250321164341_aug_0.jpg,4
data\images\fabia_color\no_gesture\20250321164341_aug_1.jpg,4
data\images\fabia_color\no_gesture\20250321164341_aug_2.jpg,4
data\images\fabia_color\no_gesture\20250321164347.jpg,4
data\images\fabia_color\no_gesture\20250321164347_aug_0.jpg,4
data\images\fabia_color\no_gesture\20250321164347_aug_1.jpg,4
data\images\fabia_color\no_gesture\20250321164347_aug_2.jpg,4
data\images\fabia_color\no_gesture\20250321164351.jpg,4
data\images\fabia_color\no_gesture\20250321164351_aug_0.jpg,4
data\images\fabia_color\no_gesture\20250321164351_aug_1.jpg,4
data\images\fabia_color\no_gesture\20250321164351_aug_2.jpg,4
data\images\fabia_color\no_gesture\20250321164838.jpg,4
data\images\fabia_color\no_gesture\20250321164838_aug_0.jpg,4
data\images\fabia_color\no_gesture\20250321164838_aug_1.jpg,4
data\images\fabia_color\no_gesture\20250321164838_aug_2.jpg,4
data\images\fabia_color\no_gesture\20250321165246.jpg,4
data\images\fabia_color\no_gesture\20250321165246_aug_0.jpg,4
data\images\fabia_color\no_gesture\20250321165246_aug_1.jpg,4
data\images\fabia_color\no_gesture\20250321165246_aug_2.jpg,4
data\images\fabia_color\no_gesture\20250321165250.jpg,4
data\images\fabia_color\no_gesture\20250321165250_aug_0.jpg,4
data\images\fabia_color\no_gesture\20250321165250_aug_1.jpg,4
data\images\fabia_color\no_gesture\20250321165250_aug_2.jpg,4
data\images\fabia_color\no_gesture\20250321165257.jpg,4
data\images\fabia_color\no_gesture\20250321165257_aug_0.jpg,4
data\images\fabia_color\no_gesture\20250321165257_aug_1.jpg,4
data\images\fabia_color\no_gesture\20250321165257_aug_2.jpg,4
data\images\fabia_color\no_gesture\20250321165300.jpg,4
data\images\fabia_color\no_gesture\20250321165300_aug_0.jpg,4
data\images\fabia_color\no_gesture\20250321165300_aug_1.jpg,4
data\images\fabia_color\no_gesture\20250321165300_aug_2.jpg,4
data\images\fabia_color\no_gesture\20250321165303.jpg,4
data\images\fabia_color\no_gesture\20250321165303_aug_0.jpg,4
data\images\fabia_color\no_gesture\20250321165303_aug_1.jpg,4
data\images\fabia_color\no_gesture\20250321165303_aug_2.jpg,4
data\images\fabia_color\no_gesture\20250321165306.jpg,4
data\images\fabia_color\no_gesture\20250321165306_aug_0.jpg,4
data\images\fabia_color\no_gesture\20250321165306_aug_1.jpg,4
data\images\fabia_color\no_gesture\20250321165306_aug_2.jpg,4
data\images\fabia_color\no_gesture\20250321165338.jpg,4
data\images\fabia_color\no_gesture\20250321165338_aug_0.jpg,4
data\images\fabia_color\no_gesture\20250321165338_aug_1.jpg,4
data\images\fabia_color\no_gesture\20250321165338_aug_2.jpg,4
data\images\fabia_color\no_gesture\20250321165347.jpg,4
data\images\fabia_color\no_gesture\20250321165347_aug_0.jpg,4
data\images\fabia_color\no_gesture\20250321165347_aug_1.jpg,4
data\images\fabia_color\no_gesture\20250321165347_aug_2.jpg,4
data\images\fabia_color\no_gesture\20250321165459.jpg,4
data\images\fabia_color\no_gesture\20250321165459_aug_0.jpg,4
data\images\fabia_color\no_gesture\20250321165459_aug_1.jpg,4
data\images\fabia_color\no_gesture\20250321165459_aug_2.jpg,4
data\images\fabia_color\no_gesture\20250321165505.jpg,4
data\images\fabia_color\no_gesture\20250321165505_aug_0.jpg,4
data\images\fabia_color\no_gesture\20250321165505_aug_1.jpg,4
data\images\fabia_color\no_gesture\20250321165505_aug_2.jpg,4
data\images\fabia_color\no_gesture\20250321165511.jpg,4
data\images\fabia_color\no_gesture\20250321165511_aug_0.jpg,4
data\images\fabia_color\no_gesture\20250321165511_aug_1.jpg,4
data\images\fabia_color\no_gesture\20250321165511_aug_2.jpg,4
data\images\fabia_color\no_gesture\20250321165513.jpg,4
data\images\fabia_color\no_gesture\20250321165513_aug_0.jpg,4
data\images\fabia_color\no_gesture\20250321165513_aug_1.jpg,4
data\images\fabia_color\no_gesture\20250321165513_aug_2.jpg,4
data\images\fabia_color\no_gesture\20250321165518.jpg,4
data\images\fabia_color\no_gesture\20250321165518_aug_0.jpg,4
data\images\fabia_color\no_gesture\20250321165518_aug_1.jpg,4
data\images\fabia_color\no_gesture\20250321165518_aug_2.jpg,4
data\images\fabia_color\no_gesture\20250321165522.jpg,4
data\images\fabia_color\no_gesture\20250321165522_aug_0.jpg,4
data\images\fabia_color\no_gesture\20250321165522_aug_1.jpg,4
data\images\fabia_color\no_gesture\20250321165522_aug_2.jpg,4
data\images\fabia_color\no_gesture\20250321165524.jpg,4
data\images\fabia_color\no_gesture\20250321165524_aug_0.jpg,4
data\images\fabia_color\no_gesture\20250321165524_aug_1.jpg,4
data\images\fabia_color\no_gesture\20250321165524_aug_2.jpg,4
data\images\fabia_color\no_gesture\20250321165526.jpg,4
data\images\fabia_color\no_gesture\20250321165526_aug_0.jpg,4
data\images\fabia_color\no_gesture\20250321165526_aug_1.jpg,4
data\images\fabia_color\no_gesture\20250321165526_aug_2.jpg,4
data\images\fabia_color\no_gesture\20250321165556.jpg,4
data\images\fabia_color\no_gesture\20250321165556_aug_0.jpg,4
data\images\fabia_color\no_gesture\20250321165556_aug_1.jpg,4
data\images\fabia_color\no_gesture\20250321165556_aug_2.jpg,4
data\images\fabia_color\no_gesture\20250321165756.jpg,4
data\images\fabia_color\no_gesture\20250321165756_aug_0.jpg,4
data\images\fabia_color\no_gesture\20250321165756_aug_1.jpg,4
data\images\fabia_color\no_gesture\20250321165756_aug_2.jpg,4
data\images\fabia_color\no_gesture\20250321170004.jpg,4
data\images\fabia_color\no_gesture\20250321170004_aug_0.jpg,4
data\images\fabia_color\no_gesture\20250321170004_aug_1.jpg,4
data\images\fabia_color\no_gesture\20250321170004_aug_2.jpg,4
data\images\fabia_color\no_gesture\20250321170005.jpg,4
data\images\fabia_color\no_gesture\20250321170005_aug_0.jpg,4
data\images\fabia_color\no_gesture\20250321170005_aug_1.jpg,4
data\images\fabia_color\no_gesture\20250321170005_aug_2.jpg,4
data\images\fabia_color\no_gesture\20250321170210.jpg,4
data\images\fabia_color\no_gesture\20250321170210_aug_0.jpg,4
data\images\fabia_color\no_gesture\20250321170210_aug_1.jpg,4
data\images\fabia_color\no_gesture\20250321170210_aug_2.jpg,4
data\images\fabia_color\no_gesture\20250321170233.jpg,4
data\images\fabia_color\no_gesture\20250321170233_aug_0.jpg,4
data\images\fabia_color\no_gesture\20250321170233_aug_1.jpg,4
data\images\fabia_color\no_gesture\20250321170233_aug_2.jpg,4
data\images\fabia_color\no_gesture\20250321170304.jpg,4
data\images\fabia_color\no_gesture\20250321170304_aug_0.jpg,4
data\images\fabia_color\no_gesture\20250321170304_aug_1.jpg,4
data\images\fabia_color\no_gesture\20250321170304_aug_2.jpg,4
data\images\fabia_color\no_gesture\20250321170313.jpg,4
data\images\fabia_color\no_gesture\20250321170313_aug_0.jpg,4
data\images\fabia_color\no_gesture\20250321170313_aug_1.jpg,4
data\images\fabia_color\no_gesture\20250321170313_aug_2.jpg,4
data\images\fabia_color\no_gesture\20250321170321.jpg,4
data\images\fabia_color\no_gesture\20250321170321_aug_0.jpg,4
data\images\fabia_color\no_gesture\20250321170321_aug_1.jpg,4
data\images\fabia_color\no_gesture\20250321170321_aug_2.jpg,4
data\images\fabia_color\no_gesture\20250321170326.jpg,4
data\images\fabia_color\no_gesture\20250321170326_aug_0.jpg,4
data\images\fabia_color\no_gesture\20250321170326_aug_1.jpg,4
data\images\fabia_color\no_gesture\20250321170326_aug_2.jpg,4
data\images\fabia_color\no_gesture\20250321170408.jpg,4
data\images\fabia_color\no_gesture\20250321170408_aug_0.jpg,4
data\images\fabia_color\no_gesture\20250321170408_aug_1.jpg,4
data\images\fabia_color\no_gesture\20250321170408_aug_2.jpg,4
data\images\fabia_color\ok\20250321162902.jpg,3
data\images\fabia_color\ok\20250321162902_aug_0.jpg,3
data\images\fabia_color\ok\20250321162902_aug_1.jpg,3
data\images\fabia_color\ok\20250321162902_aug_2.jpg,3
data\images\fabia_color\ok\20250321162905(1).jpg,3
data\images\fabia_color\ok\20250321162905(1)_aug_0.jpg,3
data\images\fabia_color\ok\20250321162905(1)_aug_1.jpg,3
data\images\fabia_color\ok\20250321162905(1)_aug_2.jpg,3
data\images\fabia_color\ok\20250321162905.jpg,3
data\images\fabia_color\ok\20250321162905_aug_0.jpg,3
data\images\fabia_color\ok\20250321162905_aug_1.jpg,3
data\images\fabia_color\ok\20250321162905_aug_2.jpg,3
data\images\fabia_color\ok\20250321162906.jpg,3
data\images\fabia_color\ok\20250321162906_aug_0.jpg,3
data\images\fabia_color\ok\20250321162906_aug_1.jpg,3
data\images\fabia_color\ok\20250321162906_aug_2.jpg,3
data\images\fabia_color\ok\20250321162907.jpg,3
data\images\fabia_color\ok\20250321162907_aug_0.jpg,3
data\images\fabia_color\ok\20250321162907_aug_1.jpg,3
data\images\fabia_color\ok\20250321162907_aug_2.jpg,3
data\images\fabia_color\ok\20250321162911.jpg,3
data\images\fabia_color\ok\20250321162911_aug_0.jpg,3
data\images\fabia_color\ok\20250321162911_aug_1.jpg,3
data\images\fabia_color\ok\20250321162911_aug_2.jpg,3
data\images\fabia_color\ok\20250321162913.jpg,3
data\images\fabia_color\ok\20250321162913_aug_0.jpg,3
data\images\fabia_color\ok\20250321162913_aug_1.jpg,3
data\images\fabia_color\ok\20250321162913_aug_2.jpg,3
data\images\fabia_color\ok\20250321162915.jpg,3
data\images\fabia_color\ok\20250321162915_aug_0.jpg,3
data\images\fabia_color\ok\20250321162915_aug_1.jpg,3
data\images\fabia_color\ok\20250321162915_aug_2.jpg,3
data\images\fabia_color\ok\20250321162917.jpg,3
data\images\fabia_color\ok\20250321162917_aug_0.jpg,3
data\images\fabia_color\ok\20250321162917_aug_1.jpg,3
data\images\fabia_color\ok\20250321162917_aug_2.jpg,3
data\images\fabia_color\ok\20250321163200(1).jpg,3
data\images\fabia_color\ok\20250321163200(1)_aug_0.jpg,3
data\images\fabia_color\ok\20250321163200(1)_aug_1.jpg,3
data\images\fabia_color\ok\20250321163200(1)_aug_2.jpg,3
data\images\fabia_color\ok\20250321163200.jpg,3
data\images\fabia_color\ok\20250321163200_aug_0.jpg,3
data\images\fabia_color\ok\20250321163200_aug_1.jpg,3
data\images\fabia_color\ok\20250321163200_aug_2.jpg,3
data\images\fabia_color\ok\20250321163204.jpg,3
data\images\fabia_color\ok\20250321163204_aug_0.jpg,3
data\images\fabia_color\ok\20250321163204_aug_1.jpg,3
data\images\fabia_color\ok\20250321163204_aug_2.jpg,3
data\images\fabia_color\ok\20250321163205.jpg,3
data\images\fabia_color\ok\20250321163205_aug_0.jpg,3
data\images\fabia_color\ok\20250321163205_aug_1.jpg,3
data\images\fabia_color\ok\20250321163205_aug_2.jpg,3
data\images\fabia_color\ok\20250321163207.jpg,3
data\images\fabia_color\ok\20250321163207_aug_0.jpg,3
data\images\fabia_color\ok\20250321163207_aug_1.jpg,3
data\images\fabia_color\ok\20250321163207_aug_2.jpg,3
data\images\fabia_color\ok\20250321163210.jpg,3
data\images\fabia_color\ok\20250321163210_aug_0.jpg,3
data\images\fabia_color\ok\20250321163210_aug_1.jpg,3
data\images\fabia_color\ok\20250321163210_aug_2.jpg,3
data\images\fabia_color\ok\20250321163213.jpg,3
data\images\fabia_color\ok\20250321163213_aug_0.jpg,3
data\images\fabia_color\ok\20250321163213_aug_1.jpg,3
data\images\fabia_color\ok\20250321163213_aug_2.jpg,3
data\images\fabia_color\ok\20250321163425.jpg,3
data\images\fabia_color\ok\20250321163425_aug_0.jpg,3
data\images\fabia_color\ok\20250321163425_aug_1.jpg,3
data\images\fabia_color\ok\20250321163425_aug_2.jpg,3
data\images\fabia_color\ok\20250321163430.jpg,3
data\images\fabia_color\ok\20250321163430_aug_0.jpg,3
data\images\fabia_color\ok\20250321163430_aug_1.jpg,3
data\images\fabia_color\ok\20250321163430_aug_2.jpg,3
data\images\fabia_color\ok\20250321163432.jpg,3
data\images\fabia_color\ok\20250321163432_aug_0.jpg,3
data\images\fabia_color\ok\20250321163432_aug_1.jpg,3
data\images\fabia_color\ok\20250321163432_aug_2.jpg,3
data\images\fabia_color\ok\20250321163433.jpg,3
data\images\fabia_color\ok\20250321163433_aug_0.jpg,3
data\images\fabia_color\ok\20250321163433_aug_1.jpg,3
data\images\fabia_color\ok\20250321163433_aug_2.jpg,3
data\images\fabia_color\ok\20250321164815.jpg,3
data\images\fabia_color\ok\20250321164815_aug_0.jpg,3
data\images\fabia_color\ok\20250321164815_aug_1.jpg,3
data\images\fabia_color\ok\20250321164815_aug_2.jpg,3
data\images\fabia_color\ok\20250321164818.jpg,3
data\images\fabia_color\ok\20250321164818_aug_0.jpg,3
data\images\fabia_color\ok\20250321164818_aug_1.jpg,3
data\images\fabia_color\ok\20250321164818_aug_2.jpg,3
data\images\fabia_color\ok\20250321164819.jpg,3
data\images\fabia_color\ok\20250321164819_aug_0.jpg,3
data\images\fabia_color\ok\20250321164819_aug_1.jpg,3
data\images\fabia_color\ok\20250321164819_aug_2.jpg,3
data\images\fabia_color\ok\20250321164822.jpg,3
data\images\fabia_color\ok\20250321164822_aug_0.jpg,3
data\images\fabia_color\ok\20250321164822_aug_1.jpg,3
data\images\fabia_color\ok\20250321164822_aug_2.jpg,3
data\images\fabia_color\ok\20250321164824.jpg,3
data\images\fabia_color\ok\20250321164824_aug_0.jpg,3
data\images\fabia_color\ok\20250321164824_aug_1.jpg,3
data\images\fabia_color\ok\20250321164824_aug_2.jpg,3
data\images\fabia_color\ok\20250321164827.jpg,3
data\images\fabia_color\ok\20250321164827_aug_0.jpg,3
data\images\fabia_color\ok\20250321164827_aug_1.jpg,3
data\images\fabia_color\ok\20250321164827_aug_2.jpg,3
data\images\fabia_color\ok\20250321164830.jpg,3
data\images\fabia_color\ok\20250321164830_aug_0.jpg,3
data\images\fabia_color\ok\20250321164830_aug_1.jpg,3
data\images\fabia_color\ok\20250321164830_aug_2.jpg,3
data\images\fabia_color\ok\20250321164831.jpg,3
data\images\fabia_color\ok\20250321164831_aug_0.jpg,3
data\images\fabia_color\ok\20250321164831_aug_1.jpg,3
data\images\fabia_color\ok\20250321164831_aug_2.jpg,3
data\images\fabia_color\one\20250321163039.jpg,4
data\images\fabia_color\one\20250321163039_aug_0.jpg,4
data\images\fabia_color\one\20250321163039_aug_1.jpg,4
data\images\fabia_color\one\20250321163039_aug_2.jpg,4
data\images\fabia_color\one\20250321163041.jpg,4
data\images\fabia_color\one\20250321163041_aug_0.jpg,4
data\images\fabia_color\one\20250321163041_aug_1.jpg,4
data\images\fabia_color\one\20250321163041_aug_2.jpg,4
data\images\fabia_color\one\20250321163042.jpg,4
data\images\fabia_color\one\20250321163042_aug_0.jpg,4
data\images\fabia_color\one\20250321163042_aug_1.jpg,4
data\images\fabia_color\one\20250321163042_aug_2.jpg,4
data\images\fabia_color\one\20250321163044.jpg,4
data\images\fabia_color\one\20250321163044_aug_0.jpg,4
data\images\fabia_color\one\20250321163044_aug_1.jpg,4
data\images\fabia_color\one\20250321163044_aug_2.jpg,4
data\images\fabia_color\one\20250321163045.jpg,4
data\images\fabia_color\one\20250321163045_aug_0.jpg,4
data\images\fabia_color\one\20250321163045_aug_1.jpg,4
data\images\fabia_color\one\20250321163045_aug_2.jpg,4
data\images\fabia_color\one\20250321163050.jpg,4
data\images\fabia_color\one\20250321163050_aug_0.jpg,4
data\images\fabia_color\one\20250321163050_aug_1.jpg,4
data\images\fabia_color\one\20250321163050_aug_2.jpg,4
data\images\fabia_color\one\20250321165055.jpg,4
data\images\fabia_color\one\20250321165055_aug_0.jpg,4
data\images\fabia_color\one\20250321165055_aug_1.jpg,4
data\images\fabia_color\one\20250321165055_aug_2.jpg,4
data\images\fabia_color\one\20250321165058.jpg,4
data\images\fabia_color\one\20250321165058_aug_0.jpg,4
data\images\fabia_color\one\20250321165058_aug_1.jpg,4
data\images\fabia_color\one\20250321165058_aug_2.jpg,4
data\images\fabia_color\one\20250321165100.jpg,4
data\images\fabia_color\one\20250321165100_aug_0.jpg,4
data\images\fabia_color\one\20250321165100_aug_1.jpg,4
data\images\fabia_color\one\20250321165100_aug_2.jpg,4
data\images\fabia_color\one\20250321165102.jpg,4
data\images\fabia_color\one\20250321165102_aug_0.jpg,4
data\images\fabia_color\one\20250321165102_aug_1.jpg,4
data\images\fabia_color\one\20250321165102_aug_2.jpg,4
data\images\fabia_color\one\20250321165104.jpg,4
data\images\fabia_color\one\20250321165104_aug_0.jpg,4
data\images\fabia_color\one\20250321165104_aug_1.jpg,4
data\images\fabia_color\one\20250321165104_aug_2.jpg,4
data\images\fabia_color\one\20250321165111.jpg,4
data\images\fabia_color\one\20250321165111_aug_0.jpg,4
data\images\fabia_color\one\20250321165111_aug_1.jpg,4
data\images\fabia_color\one\20250321165111_aug_2.jpg,4
data\images\fabia_color\palm\20250321163517.jpg,4
data\images\fabia_color\palm\20250321163517_aug_0.jpg,4
data\images\fabia_color\palm\20250321163517_aug_1.jpg,4
data\images\fabia_color\palm\20250321163517_aug_2.jpg,4
data\images\fabia_color\palm\20250321163519.jpg,4
data\images\fabia_color\palm\20250321163519_aug_0.jpg,4
data\images\fabia_color\palm\20250321163519_aug_1.jpg,4
data\images\fabia_color\palm\20250321163519_aug_2.jpg,4
data\images\fabia_color\palm\20250321163520.jpg,4
data\images\fabia_color\palm\20250321163520_aug_0.jpg,4
data\images\fabia_color\palm\20250321163520_aug_1.jpg,4
data\images\fabia_color\palm\20250321163520_aug_2.jpg,4
data\images\fabia_color\palm\20250321163522.jpg,4
data\images\fabia_color\palm\20250321163522_aug_0.jpg,4
data\images\fabia_color\palm\20250321163522_aug_1.jpg,4
data\images\fabia_color\palm\20250321163522_aug_2.jpg,4
data\images\fabia_color\palm\20250321163523.jpg,4
data\images\fabia_color\palm\20250321163523_aug_0.jpg,4
data\images\fabia_color\palm\20250321163523_aug_1.jpg,4
data\images\fabia_color\palm\20250321163523_aug_2.jpg,4
data\images\fabia_color\palm\20250321163524.jpg,4
data\images\fabia_color\palm\20250321163524_aug_0.jpg,4
data\images\fabia_color\palm\20250321163524_aug_1.jpg,4
data\images\fabia_color\palm\20250321163524_aug_2.jpg,4
data\images\fabia_color\palm\20250321163525.jpg,4
data\images\fabia_color\palm\20250321163525_aug_0.jpg,4
data\images\fabia_color\palm\20250321163525_aug_1.jpg,4
data\images\fabia_color\palm\20250321163525_aug_2.jpg,4
data\images\fabia_color\palm\20250321164358.jpg,4
data\images\fabia_color\palm\20250321164358_aug_0.jpg,4
data\images\fabia_color\palm\20250321164358_aug_1.jpg,4
data\images\fabia_color\palm\20250321164358_aug_2.jpg,4
data\images\fabia_color\palm\20250321164400.jpg,4
data\images\fabia_color\palm\20250321164400_aug_0.jpg,4
data\images\fabia_color\palm\20250321164400_aug_1.jpg,4
data\images\fabia_color\palm\20250321164400_aug_2.jpg,4
data\images\fabia_color\palm\20250321164401.jpg,4
data\images\fabia_color\palm\20250321164401_aug_0.jpg,4
data\images\fabia_color\palm\20250321164401_aug_1.jpg,4
data\images\fabia_color\palm\20250321164401_aug_2.jpg,4
data\images\fabia_color\palm\20250321164925.jpg,4
data\images\fabia_color\palm\20250321164925_aug_0.jpg,4
data\images\fabia_color\palm\20250321164925_aug_1.jpg,4
data\images\fabia_color\palm\20250321164925_aug_2.jpg,4
data\images\fabia_color\palm\20250321164927.jpg,4
data\images\fabia_color\palm\20250321164927_aug_0.jpg,4
data\images\fabia_color\palm\20250321164927_aug_1.jpg,4
data\images\fabia_color\palm\20250321164927_aug_2.jpg,4
data\images\fabia_color\palm\20250321164928.jpg,4
data\images\fabia_color\palm\20250321164928_aug_0.jpg,4
data\images\fabia_color\palm\20250321164928_aug_1.jpg,4
data\images\fabia_color\palm\20250321164928_aug_2.jpg,4
data\images\fabia_color\palm\20250321164930.jpg,4
data\images\fabia_color\palm\20250321164930_aug_0.jpg,4
data\images\fabia_color\palm\20250321164930_aug_1.jpg,4
data\images\fabia_color\palm\20250321164930_aug_2.jpg,4
data\images\fabia_color\palm\20250321164933.jpg,4
data\images\fabia_color\palm\20250321164933_aug_0.jpg,4
data\images\fabia_color\palm\20250321164933_aug_1.jpg,4
data\images\fabia_color\palm\20250321164933_aug_2.jpg,4
data\images\fabia_color\peace_inv\20250321162413.jpg,2
data\images\fabia_color\peace_inv\20250321162413_aug_0.jpg,2
data\images\fabia_color\peace_inv\20250321162413_aug_1.jpg,2
data\images\fabia_color\peace_inv\20250321162413_aug_2.jpg,2
data\images\fabia_color\peace_inv\20250321162425.jpg,2
data\images\fabia_color\peace_inv\20250321162425_aug_0.jpg,2
data\images\fabia_color\peace_inv\20250321162425_aug_1.jpg,2
data\images\fabia_color\peace_inv\20250321162425_aug_2.jpg,2
data\images\fabia_color\peace_inv\20250321162429.jpg,2
data\images\fabia_color\peace_inv\20250321162429_aug_0.jpg,2
data\images\fabia_color\peace_inv\20250321162429_aug_1.jpg,2
data\images\fabia_color\peace_inv\20250321162429_aug_2.jpg,2
data\images\fabia_color\peace_inv\20250321162433.jpg,2
data\images\fabia_color\peace_inv\20250321162433_aug_0.jpg,2
data\images\fabia_color\peace_inv\20250321162433_aug_1.jpg,2
data\images\fabia_color\peace_inv\20250321162433_aug_2.jpg,2
data\images\fabia_color\peace_inv\20250321162439.jpg,2
data\images\fabia_color\peace_inv\20250321162439_aug_0.jpg,2
data\images\fabia_color\peace_inv\20250321162439_aug_1.jpg,2
data\images\fabia_color\peace_inv\20250321162439_aug_2.jpg,2
data\images\fabia_color\peace_inv\20250321162442.jpg,2
data\images\fabia_color\peace_inv\20250321162442_aug_0.jpg,2
data\images\fabia_color\peace_inv\20250321162442_aug_1.jpg,2
data\images\fabia_color\peace_inv\20250321162442_aug_2.jpg,2
data\images\fabia_color\peace_inv\20250321162448.jpg,2
data\images\fabia_color\peace_inv\20250321162448_aug_0.jpg,2
data\images\fabia_color\peace_inv\20250321162448_aug_1.jpg,2
data\images\fabia_color\peace_inv\20250321162448_aug_2.jpg,2
data\images\fabia_color\peace_inv\20250321162454.jpg,2
data\images\fabia_color\peace_inv\20250321162454_aug_0.jpg,2
data\images\fabia_color\peace_inv\20250321162454_aug_1.jpg,2
data\images\fabia_color\peace_inv\20250321162454_aug_2.jpg,2
data\images\fabia_color\peace_inv\20250321162503.jpg,2
data\images\fabia_color\peace_inv\20250321162503_aug_0.jpg,2
data\images\fabia_color\peace_inv\20250321162503_aug_1.jpg,2
data\images\fabia_color\peace_inv\20250321162503_aug_2.jpg,2
data\images\fabia_color\peace_inv\20250321162505.jpg,2
data\images\fabia_color\peace_inv\20250321162505_aug_0.jpg,2
data\images\fabia_color\peace_inv\20250321162505_aug_1.jpg,2
data\images\fabia_color\peace_inv\20250321162505_aug_2.jpg,2
data\images\fabia_color\peace_inv\20250321162509.jpg,2
data\images\fabia_color\peace_inv\20250321162509_aug_0.jpg,2
data\images\fabia_color\peace_inv\20250321162509_aug_1.jpg,2
data\images\fabia_color\peace_inv\20250321162509_aug_2.jpg,2
data\images\fabia_color\peace_inv\20250321162516.jpg,2
data\images\fabia_color\peace_inv\20250321162516_aug_0.jpg,2
data\images\fabia_color\peace_inv\20250321162516_aug_1.jpg,2
data\images\fabia_color\peace_inv\20250321162516_aug_2.jpg,2
data\images\fabia_color\peace_inv\20250321162518.jpg,2
data\images\fabia_color\peace_inv\20250321162518_aug_0.jpg,2
data\images\fabia_color\peace_inv\20250321162518_aug_1.jpg,2
data\images\fabia_color\peace_inv\20250321162518_aug_2.jpg,2
data\images\fabia_color\peace_inv\20250321162519.jpg,2
data\images\fabia_color\peace_inv\20250321162519_aug_0.jpg,2
data\images\fabia_color\peace_inv\20250321162519_aug_1.jpg,2
data\images\fabia_color\peace_inv\20250321162519_aug_2.jpg,2
data\images\fabia_color\peace_inv\20250321163248.jpg,2
data\images\fabia_color\peace_inv\20250321163248_aug_0.jpg,2
data\images\fabia_color\peace_inv\20250321163248_aug_1.jpg,2
data\images\fabia_color\peace_inv\20250321163248_aug_2.jpg,2
data\images\fabia_color\peace_inv\20250321163416.jpg,2
data\images\fabia_color\peace_inv\20250321163416_aug_0.jpg,2
data\images\fabia_color\peace_inv\20250321163416_aug_1.jpg,2
data\images\fabia_color\peace_inv\20250321163416_aug_2.jpg,2
data\images\fabia_color\peace_inv\20250321163417.jpg,2
data\images\fabia_color\peace_inv\20250321163417_aug_0.jpg,2
data\images\fabia_color\peace_inv\20250321163417_aug_1.jpg,2
data\images\fabia_color\peace_inv\20250321163417_aug_2.jpg,2
data\images\fabia_color\peace_inv\20250321164515.jpg,2
data\images\fabia_color\peace_inv\20250321164515_aug_0.jpg,2
data\images\fabia_color\peace_inv\20250321164515_aug_1.jpg,2
data\images\fabia_color\peace_inv\20250321164515_aug_2.jpg,2
data\images\fabia_color\peace_inv\20250321164753.jpg,2
data\images\fabia_color\peace_inv\20250321164753_aug_0.jpg,2
data\images\fabia_color\peace_inv\20250321164753_aug_1.jpg,2
data\images\fabia_color\peace_inv\20250321164753_aug_2.jpg,2
data\images\fabia_color\peace_inv\20250321164755.jpg,2
data\images\fabia_color\peace_inv\20250321164755_aug_0.jpg,2
data\images\fabia_color\peace_inv\20250321164755_aug_1.jpg,2
data\images\fabia_color\peace_inv\20250321164755_aug_2.jpg,2
data\images\fabia_color\peace_inv\20250321164757.jpg,2
data\images\fabia_color\peace_inv\20250321164757_aug_0.jpg,2
data\images\fabia_color\peace_inv\20250321164757_aug_1.jpg,2
data\images\fabia_color\peace_inv\20250321164757_aug_2.jpg,2
data\images\fabia_color\peace_inv\20250321164801.jpg,2
data\images\fabia_color\peace_inv\20250321164801_aug_0.jpg,2
data\images\fabia_color\peace_inv\20250321164801_aug_1.jpg,2
data\images\fabia_color\peace_inv\20250321164801_aug_2.jpg,2
data\images\fabia_color\peace_inv\20250321164804.jpg,2
data\images\fabia_color\peace_inv\20250321164804_aug_0.jpg,2
data\images\fabia_color\peace_inv\20250321164804_aug_1.jpg,2
data\images\fabia_color\peace_inv\20250321164804_aug_2.jpg,2
data\images\fabia_color\peace_inv\20250321164809.jpg,2
data\images\fabia_color\peace_inv\20250321164809_aug_0.jpg,2
data\images\fabia_color\peace_inv\20250321164809_aug_1.jpg,2
data\images\fabia_color\peace_inv\20250321164809_aug_2.jpg,2
data\images\fabia_color\peace_inv\20250321165623.jpg,2
data\images\fabia_color\peace_inv\20250321165623_aug_0.jpg,2
data\images\fabia_color\peace_inv\20250321165623_aug_1.jpg,2
data\images\fabia_color\peace_inv\20250321165623_aug_2.jpg,2
data\images\fabia_color\peace_inv\20250321165624.jpg,2
data\images\fabia_color\peace_inv\20250321165624_aug_0.jpg,2
data\images\fabia_color\peace_inv\20250321165624_aug_1.jpg,2
data\images\fabia_color\peace_inv\20250321165624_aug_2.jpg,2
data\images\fabia_color\peace_inv\20250321165812.jpg,2
data\images\fabia_color\peace_inv\20250321165812_aug_0.jpg,2
data\images\fabia_color\peace_inv\20250321165812_aug_1.jpg,2
data\images\fabia_color\peace_inv\20250321165812_aug_2.jpg,2
data\images\fabia_color\rock\20250321162530.jpg,0
data\images\fabia_color\rock\20250321162530_aug_0.jpg,0
data\images\fabia_color\rock\20250321162530_aug_1.jpg,0
data\images\fabia_color\rock\20250321162530_aug_2.jpg,0
data\images\fabia_color\rock\20250321162534.jpg,0
data\images\fabia_color\rock\20250321162534_aug_0.jpg,0
data\images\fabia_color\rock\20250321162534_aug_1.jpg,0
data\images\fabia_color\rock\20250321162534_aug_2.jpg,0
data\images\fabia_color\rock\20250321162540.jpg,0
data\images\fabia_color\rock\20250321162540_aug_0.jpg,0
data\images\fabia_color\rock\20250321162540_aug_1.jpg,0
data\images\fabia_color\rock\20250321162540_aug_2.jpg,0
data\images\fabia_color\rock\20250321162547.jpg,0
data\images\fabia_color\rock\20250321162547_aug_0.jpg,0
data\images\fabia_color\rock\20250321162547_aug_1.jpg,0
data\images\fabia_color\rock\20250321162547_aug_2.jpg,0
data\images\fabia_color\rock\20250321162548.jpg,0
data\images\fabia_color\rock\20250321162548_aug_0.jpg,0
data\images\fabia_color\rock\20250321162548_aug_1.jpg,0
data\images\fabia_color\rock\20250321162548_aug_2.jpg,0
data\images\fabia_color\rock\20250321162555.jpg,0
data\images\fabia_color\rock\20250321162555_aug_0.jpg,0
data\images\fabia_color\rock\20250321162555_aug_1.jpg,0
data\images\fabia_color\rock\20250321162555_aug_2.jpg,0
data\images\fabia_color\rock\20250321162947.jpg,0
data\images\fabia_color\rock\20250321162947_aug_0.jpg,0
data\images\fabia_color\rock\20250321162947_aug_1.jpg,0
data\images\fabia_color\rock\20250321162947_aug_2.jpg,0
data\images\fabia_color\rock\20250321162950.jpg,0
data\images\fabia_color\rock\20250321162950_aug_0.jpg,0
data\images\fabia_color\rock\20250321162950_aug_1.jpg,0
data\images\fabia_color\rock\20250321162950_aug_2.jpg,0
data\images\fabia_color\rock\20250321162951.jpg,0
data\images\fabia_color\rock\20250321162951_aug_0.jpg,0
data\images\fabia_color\rock\20250321162951_aug_1.jpg,0
data\images\fabia_color\rock\20250321162951_aug_2.jpg,0
data\images\fabia_color\rock\20250321162957.jpg,0
data\images\fabia_color\rock\20250321162957_aug_0.jpg,0
data\images\fabia_color\rock\20250321162957_aug_1.jpg,0
data\images\fabia_color\rock\20250321162957_aug_2.jpg,0
data\images\fabia_color\rock\20250321163253.jpg,0
data\images\fabia_color\rock\20250321163253_aug_0.jpg,0
data\images\fabia_color\rock\20250321163253_aug_1.jpg,0
data\images\fabia_color\rock\20250321163253_aug_2.jpg,0
data\images\fabia_color\rock\20250321163255.jpg,0
data\images\fabia_color\rock\20250321163255_aug_0.jpg,0
data\images\fabia_color\rock\20250321163255_aug_1.jpg,0
data\images\fabia_color\rock\20250321163255_aug_2.jpg,0
data\images\fabia_color\rock\20250321163257.jpg,0
data\images\fabia_color\rock\20250321163257_aug_0.jpg,0
data\images\fabia_color\rock\20250321163257_aug_1.jpg,0
data\images\fabia_color\rock\20250321163257_aug_2.jpg,0
data\images\fabia_color\rock\20250321163258.jpg,0
data\images\fabia_color\rock\20250321163258_aug_0.jpg,0
data\images\fabia_color\rock\20250321163258_aug_1.jpg,0
data\images\fabia_color\rock\20250321163258_aug_2.jpg,0
data\images\fabia_color\rock\20250321163301.jpg,0
data\images\fabia_color\rock\20250321163301_aug_0.jpg,0
data\images\fabia_color\rock\20250321163301_aug_1.jpg,0
data\images\fabia_color\rock\20250321163301_aug_2.jpg,0
data\images\fabia_color\rock\20250321164845.jpg,0
data\images\fabia_color\rock\20250321164845_aug_0.jpg,0
data\images\fabia_color\rock\20250321164845_aug_1.jpg,0
data\images\fabia_color\rock\20250321164845_aug_2.jpg,0
data\images\fabia_color\rock\20250321164846.jpg,0
data\images\fabia_color\rock\20250321164846_aug_0.jpg,0
data\images\fabia_color\rock\20250321164846_aug_1.jpg,0
data\images\fabia_color\rock\20250321164846_aug_2.jpg,0
data\images\fabia_color\rock\20250321164848.jpg,0
data\images\fabia_color\rock\20250321164848_aug_0.jpg,0
data\images\fabia_color\rock\20250321164848_aug_1.jpg,0
data\images\fabia_color\rock\20250321164848_aug_2.jpg,0
data\images\fabia_color\rock\20250321164850.jpg,0
data\images\fabia_color\rock\20250321164850_aug_0.jpg,0
data\images\fabia_color\rock\20250321164850_aug_1.jpg,0
data\images\fabia_color\rock\20250321164850_aug_2.jpg,0
data\images\fabia_color\rock\20250321164851.jpg,0
data\images\fabia_color\rock\20250321164851_aug_0.jpg,0
data\images\fabia_color\rock\20250321164851_aug_1.jpg,0
data\images\fabia_color\rock\20250321164851_aug_2.jpg,0
data\images\fabia_color\rock\20250321164852.jpg,0
data\images\fabia_color\rock\20250321164852_aug_0.jpg,0
data\images\fabia_color\rock\20250321164852_aug_1.jpg,0
data\images\fabia_color\rock\20250321164852_aug_2.jpg,0
data\images\fabia_color\rock\20250321170011.jpg,0
data\images\fabia_color\rock\20250321170011_aug_0.jpg,0
data\images\fabia_color\rock\20250321170011_aug_1.jpg,0
data\images\fabia_color\rock\20250321170011_aug_2.jpg,0
data\images\fabia_color\three\20250321165020.jpg,4
data\images\fabia_color\three\20250321165020_aug_0.jpg,4
data\images\fabia_color\three\20250321165020_aug_1.jpg,4
data\images\fabia_color\three\20250321165020_aug_2.jpg,4
data\images\fabia_color\three\20250321165023.jpg,4
data\images\fabia_color\three\20250321165023_aug_0.jpg,4
data\images\fabia_color\three\20250321165023_aug_1.jpg,4
data\images\fabia_color\three\20250321165023_aug_2.jpg,4
data\images\fabia_color\three\20250321165025.jpg,4
data\images\fabia_color\three\20250321165025_aug_0.jpg,4
data\images\fabia_color\three\20250321165025_aug_1.jpg,4
data\images\fabia_color\three\20250321165025_aug_2.jpg,4
data\images\fabia_color\three\20250321165026.jpg,4
data\images\fabia_color\three\20250321165026_aug_0.jpg,4
data\images\fabia_color\three\20250321165026_aug_1.jpg,4
data\images\fabia_color\three\20250321165026_aug_2.jpg,4
data\images\fabia_color\three\20250321165027.jpg,4
data\images\fabia_color\three\20250321165027_aug_0.jpg,4
data\images\fabia_color\three\20250321165027_aug_1.jpg,4
data\images\fabia_color\three\20250321165027_aug_2.jpg,4
data\images\fabia_color\three\20250321165029.jpg,4
data\images\fabia_color\three\20250321165029_aug_0.jpg,4
data\images\fabia_color\three\20250321165029_aug_1.jpg,4
data\images\fabia_color\three\20250321165029_aug_2.jpg,4
data\images\fabia_color\three\20250321165032.jpg,4
data\images\fabia_color\three\20250321165032_aug_0.jpg,4
data\images\fabia_color\three\20250321165032_aug_1.jpg,4
data\images\fabia_color\three\20250321165032_aug_2.jpg,4
data\images\fabia_color\three\20250321165034.jpg,4
data\images\fabia_color\three\20250321165034_aug_0.jpg,4
data\images\fabia_color\three\20250321165034_aug_1.jpg,4
data\images\fabia_color\three\20250321165034_aug_2.jpg,4
data\images\fabia_color\three\20250321165035.jpg,4
data\images\fabia_color\three\20250321165035_aug_0.jpg,4
data\images\fabia_color\three\20250321165035_aug_1.jpg,4
data\images\fabia_color\three\20250321165035_aug_2.jpg,4
data\images\fabia_color\three_2\20250321163124.jpg,4
data\images\fabia_color\three_2\20250321163124_aug_0.jpg,4
data\images\fabia_color\three_2\20250321163124_aug_1.jpg,4
data\images\fabia_color\three_2\20250321163124_aug_2.jpg,4
data\images\fabia_color\three_2\20250321163125.jpg,4
data\images\fabia_color\three_2\20250321163125_aug_0.jpg,4
data\images\fabia_color\three_2\20250321163125_aug_1.jpg,4
data\images\fabia_color\three_2\20250321163125_aug_2.jpg,4
data\images\fabia_color\three_2\20250321163127.jpg,4
data\images\fabia_color\three_2\20250321163127_aug_0.jpg,4
data\images\fabia_color\three_2\20250321163127_aug_1.jpg,4
data\images\fabia_color\three_2\20250321163127_aug_2.jpg,4
data\images\fabia_color\three_2\20250321163131.jpg,4
data\images\fabia_color\three_2\20250321163131_aug_0.jpg,4
data\images\fabia_color\three_2\20250321163131_aug_1.jpg,4
data\images\fabia_color\three_2\20250321163131_aug_2.jpg,4
data\images\fabia_color\three_2\20250321163132.jpg,4
data\images\fabia_color\three_2\20250321163132_aug_0.jpg,4
data\images\fabia_color\three_2\20250321163132_aug_1.jpg,4
data\images\fabia_color\three_2\20250321163132_aug_2.jpg,4
data\images\fabia_color\three_2\20250321163134.jpg,4
data\images\fabia_color\three_2\20250321163134_aug_0.jpg,4
data\images\fabia_color\three_2\20250321163134_aug_1.jpg,4
data\images\fabia_color\three_2\20250321163134_aug_2.jpg,4
data\images\fabia_color\three_2\20250321163137.jpg,4
data\images\fabia_color\three_2\20250321163137_aug_0.jpg,4
data\images\fabia_color\three_2\20250321163137_aug_1.jpg,4
data\images\fabia_color\three_2\20250321163137_aug_2.jpg,4
data\images\fabia_color\three_2\20250321163139.jpg,4
data\images\fabia_color\three_2\20250321163139_aug_0.jpg,4
data\images\fabia_color\three_2\20250321163139_aug_1.jpg,4
data\images\fabia_color\three_2\20250321163139_aug_2.jpg,4
data\images\fabia_color\three_2\20250321163142.jpg,4
data\images\fabia_color\three_2\20250321163142_aug_0.jpg,4
data\images\fabia_color\three_2\20250321163142_aug_1.jpg,4
data\images\fabia_color\three_2\20250321163142_aug_2.jpg,4
data\images\fabia_color\three_2\20250321163145.jpg,4
data\images\fabia_color\three_2\20250321163145_aug_0.jpg,4
data\images\fabia_color\three_2\20250321163145_aug_1.jpg,4
data\images\fabia_color\three_2\20250321163145_aug_2.jpg,4
data\images\fabia_color\three_2\20250321163148.jpg,4
data\images\fabia_color\three_2\20250321163148_aug_0.jpg,4
data\images\fabia_color\three_2\20250321163148_aug_1.jpg,4
data\images\fabia_color\three_2\20250321163148_aug_2.jpg,4
data\images\fabia_color\three_2\20250321163151.jpg,4
data\images\fabia_color\three_2\20250321163151_aug_0.jpg,4
data\images\fabia_color\three_2\20250321163151_aug_1.jpg,4
data\images\fabia_color\three_2\20250321163151_aug_2.jpg,4
data\images\fabia_color\three_2\20250321163153(1).jpg,4
data\images\fabia_color\three_2\20250321163153(1)_aug_0.jpg,4
data\images\fabia_color\three_2\20250321163153(1)_aug_1.jpg,4
data\images\fabia_color\three_2\20250321163153(1)_aug_2.jpg,4
data\images\fabia_color\three_2\20250321163153.jpg,4
data\images\fabia_color\three_2\20250321163153_aug_0.jpg,4
data\images\fabia_color\three_2\20250321163153_aug_1.jpg,4
data\images\fabia_color\three_2\20250321163153_aug_2.jpg,4
data\images\fabia_color\three_2\20250321163711.jpg,4
data\images\fabia_color\three_2\20250321163711_aug_0.jpg,4
data\images\fabia_color\three_2\20250321163711_aug_1.jpg,4
data\images\fabia_color\three_2\20250321163711_aug_2.jpg,4
data\images\fabia_color\three_2\20250321163713(1).jpg,4
data\images\fabia_color\three_2\20250321163713(1)_aug_0.jpg,4
data\images\fabia_color\three_2\20250321163713(1)_aug_1.jpg,4
data\images\fabia_color\three_2\20250321163713(1)_aug_2.jpg,4
data\images\fabia_color\three_2\20250321163713.jpg,4
data\images\fabia_color\three_2\20250321163713_aug_0.jpg,4
data\images\fabia_color\three_2\20250321163713_aug_1.jpg,4
data\images\fabia_color\three_2\20250321163713_aug_2.jpg,4
data\images\fabia_color\three_2\20250321163715.jpg,4
data\images\fabia_color\three_2\20250321163715_aug_0.jpg,4
data\images\fabia_color\three_2\20250321163715_aug_1.jpg,4
data\images\fabia_color\three_2\20250321163715_aug_2.jpg,4
data\images\fabia_color\three_2\20250321163716.jpg,4
data\images\fabia_color\three_2\20250321163716_aug_0.jpg,4
data\images\fabia_color\three_2\20250321163716_aug_1.jpg,4
data\images\fabia_color\three_2\20250321163716_aug_2.jpg,4
data\images\fabia_color\three_2\20250321163721.jpg,4
data\images\fabia_color\three_2\20250321163721_aug_0.jpg,4
data\images\fabia_color\three_2\20250321163721_aug_1.jpg,4
data\images\fabia_color\three_2\20250321163721_aug_2.jpg,4
data\images\fabia_color\three_2\20250321163723.jpg,4
data\images\fabia_color\three_2\20250321163723_aug_0.jpg,4
data\images\fabia_color\three_2\20250321163723_aug_1.jpg,4
data\images\fabia_color\three_2\20250321163723_aug_2.jpg,4
data\images\fabia_color\three_2\20250321163727.jpg,4
data\images\fabia_color\three_2\20250321163727_aug_0.jpg,4
data\images\fabia_color\three_2\20250321163727_aug_1.jpg,4
data\images\fabia_color\three_2\20250321163727_aug_2.jpg,4
data\images\fabia_color\three_2\20250321163817.jpg,4
data\images\fabia_color\three_2\20250321163817_aug_0.jpg,4
data\images\fabia_color\three_2\20250321163817_aug_1.jpg,4
data\images\fabia_color\three_2\20250321163817_aug_2.jpg,4
data\images\fabia_color\three_2\20250321163820.jpg,4
data\images\fabia_color\three_2\20250321163820_aug_0.jpg,4
data\images\fabia_color\three_2\20250321163820_aug_1.jpg,4
data\images\fabia_color\three_2\20250321163820_aug_2.jpg,4
data\images\fabia_color\two_up_inv\20250321163855.jpg,4
data\images\fabia_color\two_up_inv\20250321163855_aug_0.jpg,4
data\images\fabia_color\two_up_inv\20250321163855_aug_1.jpg,4
data\images\fabia_color\two_up_inv\20250321163855_aug_2.jpg,4
data\images\fabia_color\two_up_inv\20250321163857.jpg,4
data\images\fabia_color\two_up_inv\20250321163857_aug_0.jpg,4
data\images\fabia_color\two_up_inv\20250321163857_aug_1.jpg,4
data\images\fabia_color\two_up_inv\20250321163857_aug_2.jpg,4
data\images\fabia_color\two_up_inv\20250321163858.jpg,4
data\images\fabia_color\two_up_inv\20250321163858_aug_0.jpg,4
data\images\fabia_color\two_up_inv\20250321163858_aug_1.jpg,4
data\images\fabia_color\two_up_inv\20250321163858_aug_2.jpg,4
data\images\fabia_color\two_up_inv\20250321163900.jpg,4
data\images\fabia_color\two_up_inv\20250321163900_aug_0.jpg,4
data\images\fabia_color\two_up_inv\20250321163900_aug_1.jpg,4
data\images\fabia_color\two_up_inv\20250321163900_aug_2.jpg,4
data\images\fabia_color\two_up_inv\20250321163902.jpg,4
data\images\fabia_color\two_up_inv\20250321163902_aug_0.jpg,4
data\images\fabia_color\two_up_inv\20250321163902_aug_1.jpg,4
data\images\fabia_color\two_up_inv\20250321163902_aug_2.jpg,4
data\images\fabia_color\two_up_inv\20250321163904(1).jpg,4
data\images\fabia_color\two_up_inv\20250321163904(1)_aug_0.jpg,4
data\images\fabia_color\two_up_inv\20250321163904(1)_aug_1.jpg,4
data\images\fabia_color\two_up_inv\20250321163904(1)_aug_2.jpg,4
data\images\fabia_color\two_up_inv\20250321163904.jpg,4
data\images\fabia_color\two_up_inv\20250321163904_aug_0.jpg,4
data\images\fabia_color\two_up_inv\20250321163904_aug_1.jpg,4
data\images\fabia_color\two_up_inv\20250321163904_aug_2.jpg,4
data\images\fabia_color\two_up_inv\20250321163908.jpg,4
data\images\fabia_color\two_up_inv\20250321163908_aug_0.jpg,4
data\images\fabia_color\two_up_inv\20250321163908_aug_1.jpg,4
data\images\fabia_color\two_up_inv\20250321163908_aug_2.jpg,4
data\images\fabia_color\two_up_inv\20250321164946.jpg,4
data\images\fabia_color\two_up_inv\20250321164946_aug_0.jpg,4
data\images\fabia_color\two_up_inv\20250321164946_aug_1.jpg,4
data\images\fabia_color\two_up_inv\20250321164946_aug_2.jpg,4
data\images\fabia_color\two_up_inv\20250321164947.jpg,4
data\images\fabia_color\two_up_inv\20250321164947_aug_0.jpg,4
data\images\fabia_color\two_up_inv\20250321164947_aug_1.jpg,4
data\images\fabia_color\two_up_inv\20250321164947_aug_2.jpg,4
data\images\fabia_color\two_up_inv\20250321164949.jpg,4
data\images\fabia_color\two_up_inv\20250321164949_aug_0.jpg,4
data\images\fabia_color\two_up_inv\20250321164949_aug_1.jpg,4
data\images\fabia_color\two_up_inv\20250321164949_aug_2.jpg,4
data\images\fabia_color\two_up_inv\20250321164951.jpg,4
data\images\fabia_color\two_up_inv\20250321164951_aug_0.jpg,4
data\images\fabia_color\two_up_inv\20250321164951_aug_1.jpg,4
data\images\fabia_color\two_up_inv\20250321164951_aug_2.jpg,4
data\images\fabia_color\two_up_inv\20250321165003.jpg,4
data\images\fabia_color\two_up_inv\20250321165003_aug_0.jpg,4
data\images\fabia_color\two_up_inv\20250321165003_aug_1.jpg,4
data\images\fabia_color\two_up_inv\20250321165003_aug_2.jpg,4
